-- phpMyAdmin SQL Dump
-- version 5.2.1
-- https://www.phpmyadmin.net/
--
-- Host: 127.0.0.1
-- Generation Time: Oct 22, 2024 at 10:44 AM
-- Server version: 10.4.32-MariaDB
-- PHP Version: 8.2.12

SET SQL_MODE = "NO_AUTO_VALUE_ON_ZERO";
START TRANSACTION;
SET time_zone = "+00:00";


/*!40101 SET @OLD_CHARACTER_SET_CLIENT=@@CHARACTER_SET_CLIENT */;
/*!40101 SET @OLD_CHARACTER_SET_RESULTS=@@CHARACTER_SET_RESULTS */;
/*!40101 SET @OLD_COLLATION_CONNECTION=@@COLLATION_CONNECTION */;
/*!40101 SET NAMES utf8mb4 */;

--
-- Database: `pacientes`
--

-- --------------------------------------------------------

--
-- Table structure for table `departamentos`
--

CREATE TABLE `departamentos` (
  `id` int(11) NOT NULL,
  `nombre` varchar(255) NOT NULL
) ENGINE=InnoDB DEFAULT CHARSET=utf8mb4 COLLATE=utf8mb4_general_ci;

--
-- Dumping data for table `departamentos`
--

INSERT INTO `departamentos` (`id`, `nombre`) VALUES
(1, 'Amazonas'),
(2, '\r\nAntioquia'),
(3, 'Arauca'),
(4, 'Atlántico'),
(5, 'Bolívar');

-- --------------------------------------------------------

--
-- Table structure for table `genero`
--

CREATE TABLE `genero` (
  `id` int(11) NOT NULL,
  `nombre` varchar(255) NOT NULL
) ENGINE=InnoDB DEFAULT CHARSET=utf8mb4 COLLATE=utf8mb4_general_ci;

--
-- Dumping data for table `genero`
--

INSERT INTO `genero` (`id`, `nombre`) VALUES
(1, 'Femenino'),
(2, 'Masculino');

-- --------------------------------------------------------

--
-- Table structure for table `municipios`
--

CREATE TABLE `municipios` (
  `id` int(11) NOT NULL,
  `departamento_id` int(11) NOT NULL,
  `nombre` varchar(255) NOT NULL
) ENGINE=InnoDB DEFAULT CHARSET=utf8mb4 COLLATE=utf8mb4_general_ci;

--
-- Dumping data for table `municipios`
--

INSERT INTO `municipios` (`id`, `departamento_id`, `nombre`) VALUES
(1, 1, 'Leticia, Puerto Nariño\r\n'),
(2, 2, 'Medellín, Bello, Envigado, Itagüí'),
(3, 3, 'Arauca, Arauquita, Saravena\r\n'),
(4, 4, 'Barranquilla, Soledad, Malambo\r\n'),
(5, 5, 'Cartagena, Turbaco, El Carmen de Bolívar');

-- --------------------------------------------------------

--
-- Table structure for table `paciente`
--

CREATE TABLE `paciente` (
  `id` int(11) NOT NULL,
  `tipo_documento_id` int(11) DEFAULT NULL,
  `numero_documento` varchar(50) NOT NULL,
  `nombre1` varchar(50) DEFAULT NULL,
  `nombre2` varchar(50) DEFAULT NULL,
  `apellido1` varchar(50) DEFAULT NULL,
  `apellido2` varchar(50) DEFAULT NULL,
  `genero_id` int(11) DEFAULT NULL,
  `departamento_id` int(11) DEFAULT NULL,
  `municipio_id` int(11) DEFAULT NULL,
  `foto` longblob DEFAULT NULL
) ENGINE=InnoDB DEFAULT CHARSET=utf8mb4 COLLATE=utf8mb4_general_ci;

--
-- Dumping data for table `paciente`
--

INSERT INTO `paciente` (`id`, `tipo_documento_id`, `numero_documento`, `nombre1`, `nombre2`, `apellido1`, `apellido2`, `genero_id`, `departamento_id`, `municipio_id`, `foto`) VALUES
(5, 2, '6789567890', 'gehidy catherine', 'gehidy catherine', 'uni triana', 'uni triana', 1, 1, 1, 0x52494646c80f00005745425056503820bc0f00005093009d012a800280022e9968b45a22a825250800984b4b77f3013dc7407f0dfee78c1da05f92f2c5ebff145fffd6834b6298749bc31fa012003318cbab98a9f21ff31e693f877b111fa6a5476a9ae2f7d5288518e5948eea3b54d717bea94428d4575977c71ecc600c5cc600c5cc600c5cc600c5cc600c5cc600c5cc600c5cc600c5cc600c5cc600c5cc600c5cc600c5cc600c5cc600c5cc600c5cc600c5cc600c5cc600c5cc600c5cc600c5cc600c5cc600c5cc600c5cc600c5cc600c5cc600c5cc600c5cc600c5cc600c5cc600c5cc600c5cc600c5cc600c5cc600c5cc600c5cc600c5cc600c5cc600c5cc600c5cc600c5cc600c5cc600c5cc600c5cc600c5cc600c5cc600c5cc600c5cc600c5cc600c5cc600c5cc600c5cc600c5cc600c5cc600c5cc600c5cc600c5cc600c5cc5fb59c1b5a79582b53e896b2ef8e3d98c018b98c018b98c018b98c018b9218fe27ee31568e2f5bebacbbe38f6630062e630062e630062e62758722ef8e3d989feb131803173180317318031731803173180314ad7c71ecc600c5ca872bd6faeb2ef8e3d98c018b98c018b98c018acf21177c71ecc600c52e0a5df1c7b318031731803173180317317ec64977c71ecc600c5ca872bd6faeb2ef8e3d98c018b98c018b98bfa6f0f1ecc600c5cc600c568686df1c7b318031731803173180317317f4e536f8e3d98c018b98bf93ca30062e630062e630062e630062e62fe9ca6df1c7b3180317317f33222e630062e630062e630062e630062e52777adf5d65df1c7b317f2794600c5cc600c5cc600c5cc600c5cc5fd37878f6630062e630062b42d1e3d98c018b98c018b98c018b98c018a985c5eb7d75977c71ecc553b4cbbe38f6630062e630062e630062e630e722630062e630062e4877aeb2ef8e3d98c018b98c018b98c018b989df8478f6630062e62aa5f22ef8e3d98c018b98c018b98c018b98c018a6dfdc7b3180317243bd75977c71ecc600c5cc600c5cc600c5cc600a7df8478f6627bb2adf5d65df1c7b31803173180317318031731803172a1f00ba87061d12d65df1c7b318031731803173180317318031724d36b19c6e263776a4b5977c71ecc600c5cc600c5cc600c5cc600a94e6e922fa0b877d91254bfa25acbbe38f6630062e630062e627bb1df7a7d12d65df1c79d5e2411c92d65df1c7b318031731802a533c15d96b2ef8e3d98c018b989e48214b5977c71ecc600c5cc4f7658c75d65df1c7b3180317318031724945eb7d75977c71ecc5fb11debacbbe38f6630062e630062e6300545ff69f5d65df1c7b24b95eb7d75977c71ecc600c5cc600c5cc600a7dfa0dbe38f663005989c7b318031731803173180317318031731802d1bf08f1ecc600a7feb13180317318031731803173180317318031729fabbe38f662fe48418b98c018b98c018b98c018b98c018b98c018b93d9bbe38f662a9da65df1c7b3180317318031731803173180317317f4facc600c5cc4f46bfffffffffffffffffffffffffffffffffffffffffffffffffffffffffffffffffffe1cbe38f6630053e9916354574114b515d0452d45747c018b98c018b98c018b98c018b98c018b98c018b98c018b98c018b98c018b98c018b98c018b98c018b98c018b98c018b98c018b98c018b98c01890000feff588949d8e285d413f1b124e9fc4fc6c493a7f13f1b124e9fc4fc6c493a7f13f1b124e9fc4fc6c493a7f13f1b124ea07fb65dafd5ecc64b1a725f02bf1285ff45ede80420776a40379a9cdc458d3b5ac1ed1ae1347cbff7700505015678acfb56e6c59572f8968cd56a4d0d7dcbd49c055cc14b5c4e3db17afea3c500d9160be944a8b562793e067a13c3199e556b133d5d0931f398cf00d49f874ac2aa3de6b235164d48217372eee9473bbe53e3949ed9b41fe541394159ea458a2fef42aba6cb31d437adac0b6d3fc60e6e581296796d88e9fdb5fe92f7099e666e756ffe217bb3ba4cd0c855de147a6f4e75ab2f2aee6294ff4dcfafd4ec7db7bb9bca7c819025b70d90391a28868ecc41f9f1117094cc3c3635be2bbdd7c37ffed1fedef987bf7ecf8ce217895c7f89094847f093fc4bd375af899e3b330d993feb9ffe35f5a7fdc7e272d6f7359dfaa3583e3bde3583e3b324250248d60f8f39045f1165e6ac6fa31b739cbc17bc0c9aeff6ffe6bf5a6d1e7ff9b44912fadefbc5aa785f78b54f0bef16a9e17fa5d3e6ba7f907f6954c7ff93e34daa94e6a5f76f279c40a789cfefc765a72b6bbdf8fce56dbbe52e88a75aa5a4837fddb17b289747effd75ff4eeeaffa54eba55d2c08c69ff4b14b0aaf823fd9e7153657fe4ae203fb9977a09971f777f7584bfd3b85fdaeff955bc72d5c7f7da54ee4fda98f9fea4baed32fb54faecfefb4a41d23f6a83e72b61881983eb24aebb4f9f77effa07f4b2e18ee72be259ef37f76ddcf8d4c9149ed1726d1a7ce57dd747e7c65dc8cf9fe7afe1f6efdff8efa30a340f86ae3fbfe330e7d6165dc8fcec6d3987ebb3fbfd1e6491119329c7f9a24f951803e26fe499dfe4a1fccbd46d38e1ee8bfd8cebe32fe9fcd7f325fec5fc3fbfb15fe4c3fd5669f395f74e3c3ffe9059b687a00b2065ffed6250f39395ff7f4e3253f54cf9e9fbeff9a4ff633a50fde98576ff7fa78c93733bf51bb3b2ef9b3050932fffef5ae4ac23ff297ab4bf7f2c9fdc3e99d3ff1a97c845df57673ffdf3d6de35ffc71767fff78e07fffbc2936637ff205bbf880c8212a9baeee4fe7243c277cc90f09ff2d8ca83f2e76c8b982f8c98382e3457342bcb179af979e13679af9795e9e97f0fc447c88171ccb7d07fe3f03d98afe58a77348d595ef927cfff49027fff7f7ce0712d593b7bae1a12d1fbe5cbd7840599ff8a1755a3dcc69fc50badefe72ff64f8eaf5fefc34911437c2207c8aee150fbbacd9e7f2e51f2e72bf65626b27f9728fe9f60f4ba4fe5be9fffdbd96bf1fe3be82df7b0807f21b2fd87d67395f5879fb4cfefe5fcb72f1caf8b5911a726c2fa07dfdb4a37eafc8552f33fb7772ae2e56eeb3f243fc63ff60f07cbbed9bf8c473fdfbd67b04fe30a7aca7ee8ff45a7bfe7219812fe7fe6e73f205fddcc68fa40bb945cc737d9ff76db897ec4eee5b011d2256bf008f31c03f08df3b72b62a1cb0cfefb4b2f3065d65f95937b8edbf27fc59cafcc0cb3cb9fdf69441ae93ff0dd617ffd2e1f1217f24af36bcd937fe4f027969cb30fde8fbc7d06b97f76f5b007e7d2c9f5a7e0f7daff0d7376fc0e03c2e7f8b395b57db68fd405bffa7ff7e6f6e7ef8ca8f1e61b3cfffd527c22024f0f09bfff06bf00f84f89d15b5d03e3feff5f2be69b79fddba3624f9661ac7776f49e646ede980986affb05bfa7be4d7df97f276252a07f9e3d03e0f4fd3d2035f6eb77f086f38115f6eb77f08e9fc0b5f6eb77f08e95d19aa43364ff3c3e92f9ce47aca599e54e9d49ff1ff7761408579576e8b4ecff92db7e687e7c778e3a9cb13d6bedcafb8753ca21e303e4d3e4dd99bd2e45e06b18f5fbfbbd210b7e87dff8f1deb7444febf6aff5fc0afe0b9aed43b81be2fc040c7205e333c75f97647276c8e4eda0eeb2c4fcdbf05df657bb6a28fa68918bfa56ed10b0b75630b9b5f67ffab1539ec576cb4adda22e2cda1a3665cc2fe646bc482d61f8e3b80027285a8df58a13b0f3ac61f9a2244e68c8793f4cf37c9e016626f87a61656e184cdd70720c80e97074bb44c7f4ba93a2046eedfa1cd7f7e8ac1e78bdd3f2aff53b9f2f7ac95241870c7c3814ac5d71d4afe686ecf1209af401d2efa2e8fe26bf7037e85f0161afe0e16e66e0c8c5b40fbdc6a8e5a872b69b31449fcbc33971968b57bd539b86747b020940d1ac6c2fce8e046db8c59aad246b4ccccb2efcf77f20e9b9f0ee76504756f69eeb66c14bcfef346ad6ee7505ce1f65c21a4bf20124768230310bacaac7e5d630b9360aee5b2f90133187839ffa2d8a20b5f42b053f543f3e3c95047162a2bb234f3af825b2ad742e65a83fe14119aa4b4e1903c8d30415683f20aa409b677619db5616d0c7ae8294bd333143e4d29d6a2b33fbef94e89fe7f3bbee28d02fa273731fc69dded518ac4ea0054503bd40ffeb829644eb4a3fd25702e0135d302ff816975642c36b90cc6b45167c75c945fc8cb13d2738131057e4d5df767bb42fbf5f9744b6d83964bfaf1df04e592c91f7bff6dad2e9e4a1befdfce709f5ba1e44e67e812cf432a1e4e707b03fcaa5693b43d3f47217ce59b6f76d87a22eed717fc291fee7f7fbf5fa350ecbf4f371485876034e510743f6accb83b49affa91f0af01daf1a098cc969cbf5acdbf9380af65612c69c97c0b0c13a17fea9eb5fe97150cf6e574fbe5b36e70c7bee82f36dc62bd95768d550b3222f118503c236516ffb1778f667673bcaaf7771077d2f71dc64a6d0b28352e9a465d7aaf5fff9f5436b9ca363325a30fd0952e5942ebd752e3fcc2314d1605e65e7f48c7b6a1fa4251a92ced6026af7bd27fd227ff26a37be3c4f64fe6a0520fb96804dbf938088f0a8287bc28f4dcb40c943250c943e387d593f32cff27f7ff20fe8ff97fd8ae5ee2cf70731be13311b2452b95a12f1cf4de6c1f13a07606c25e1b7c3eae3875617b9ea1ebf93b6766a841aff5d7b0dcede508d5dce2daa6f0a3d3db9ee7f193dc7187eddfc53d9e83e47a599a0444e96e9333f1a4bd77d0d2fde19ee8781defb8cd3c9c049d6fbd69875960f7dc524fbedb263713c4c28781bc8d0743206f894789fc7de2283d8219ef5e823f8df6250556b5fe320e6f83cc51d51e40e496d7e3925f9055fd75d840fe9a88588bdefb3eed8bd9bf7eed2077fba6e7d7e9194705c9c40069efe373f8c9efb73f8c9c1ef64c684b1465f782428327cf6d83f5f516bf85b6c05cadf04df3bd686fc6dfb611c62bc82aec5091dcd9e40f9a4df1fa7586bd9c8405d2725f769266c9ee75ffe2dffe0d7c795729ff908dbb4dd0b732e9dda7daa44e7f7e3b2d395b5def93f6a88c7543ab818ebec11a047ebfdaf63b326441e6a2cad10788ef2f13ffd2e9f1e8ffa58a50940b17d64795fa250f1c2a7cff679c54d95ff92cc7f63bbf6951a7c547f9851a79272c4e7fef4c22dff38f84dcad8af13c9fff12bebb3fbed290748fffc4a08bfd497571307ffbbaecd964c41ffff98cde1fb30f7b9ba066ea3fb9977a0bc613ce57c445e5a7f76ddd17f823fd9e7078ebf6cb49955abd0c48d5c7f7fccedf585977c5e9ae96581fa563477892ba7ebb3fbed28bf08b95b10232e20e2a40bca3eeef37f76daf4637ff8e09fbdb7abf9433941f4f9cafbae8fcf8c2cffafddda703bf7e71fa41cc17e9ae9ea672be2cca7571fdff17f7c3fde7f5859543d0dfef34b9cafd47f7c3fd39ffff8135daf98fc824fbff88fb2ebee372bfa43d90feae65ddff13ec127f776b0020d3e72beea0f0ffc4e69e201d75cac9aff8f0d303f89891ff2cfe903fbe8b3fffe59fd1ceffffe2468dffcd25cff5a850a8dd7d213d307ff1b69311fff79a38bffffbc569989ea1ff2d79f9b1d29db8b07ba2bc782b6d7d5da7236baaa71d22c775a1f59d139a1032ef29e6b67a6f94f8d2cb5c6965ae34b2d71a596b8d2cb5c6965ae34b2d71a596b8d2cb5c6965ae34b2d71a596b8d2cb5c6965ab440800000),
(6, 2, '209090', 'Diana ', 'perez', 'sanchez', 'sabogal', 1, 3, 3, 0x52494646c80f00005745425056503820bc0f00005093009d012a800280022e9968b45a22a825250800984b4b77f3013dc7407f0dfee78c1da05f92f2c5ebff145fffd6834b6298749bc31fa012003318cbab98a9f21ff31e693f877b111fa6a5476a9ae2f7d5288518e5948eea3b54d717bea94428d4575977c71ecc600c5cc600c5cc600c5cc600c5cc600c5cc600c5cc600c5cc600c5cc600c5cc600c5cc600c5cc600c5cc600c5cc600c5cc600c5cc600c5cc600c5cc600c5cc600c5cc600c5cc600c5cc600c5cc600c5cc600c5cc600c5cc600c5cc600c5cc600c5cc600c5cc600c5cc600c5cc600c5cc600c5cc600c5cc600c5cc600c5cc600c5cc600c5cc600c5cc600c5cc600c5cc600c5cc600c5cc600c5cc600c5cc600c5cc600c5cc600c5cc600c5cc600c5cc600c5cc600c5cc600c5cc600c5cc600c5cc600c5cc600c5cc5fb59c1b5a79582b53e896b2ef8e3d98c018b98c018b98c018b98c018b9218fe27ee31568e2f5bebacbbe38f6630062e630062e630062e62758722ef8e3d989feb131803173180317318031731803173180314ad7c71ecc600c5ca872bd6faeb2ef8e3d98c018b98c018b98c018acf21177c71ecc600c52e0a5df1c7b318031731803173180317317ec64977c71ecc600c5ca872bd6faeb2ef8e3d98c018b98c018b98bfa6f0f1ecc600c5cc600c568686df1c7b318031731803173180317317f4e536f8e3d98c018b98bf93ca30062e630062e630062e630062e62fe9ca6df1c7b3180317317f33222e630062e630062e630062e630062e52777adf5d65df1c7b317f2794600c5cc600c5cc600c5cc600c5cc5fd37878f6630062e630062b42d1e3d98c018b98c018b98c018b98c018a985c5eb7d75977c71ecc553b4cbbe38f6630062e630062e630062e630e722630062e630062e4877aeb2ef8e3d98c018b98c018b98c018b989df8478f6630062e62aa5f22ef8e3d98c018b98c018b98c018b98c018a6dfdc7b3180317243bd75977c71ecc600c5cc600c5cc600c5cc600a7df8478f6627bb2adf5d65df1c7b31803173180317318031731803172a1f00ba87061d12d65df1c7b318031731803173180317318031724d36b19c6e263776a4b5977c71ecc600c5cc600c5cc600c5cc600a94e6e922fa0b877d91254bfa25acbbe38f6630062e630062e627bb1df7a7d12d65df1c79d5e2411c92d65df1c7b318031731802a533c15d96b2ef8e3d98c018b989e48214b5977c71ecc600c5cc4f7658c75d65df1c7b3180317318031724945eb7d75977c71ecc5fb11debacbbe38f6630062e630062e6300545ff69f5d65df1c7b24b95eb7d75977c71ecc600c5cc600c5cc600a7dfa0dbe38f663005989c7b318031731803173180317318031731802d1bf08f1ecc600a7feb13180317318031731803173180317318031729fabbe38f662fe48418b98c018b98c018b98c018b98c018b98c018b93d9bbe38f662a9da65df1c7b3180317318031731803173180317317f4facc600c5cc4f46bfffffffffffffffffffffffffffffffffffffffffffffffffffffffffffffffffffe1cbe38f6630053e9916354574114b515d0452d45747c018b98c018b98c018b98c018b98c018b98c018b98c018b98c018b98c018b98c018b98c018b98c018b98c018b98c018b98c018b98c018b98c01890000feff588949d8e285d413f1b124e9fc4fc6c493a7f13f1b124e9fc4fc6c493a7f13f1b124e9fc4fc6c493a7f13f1b124ea07fb65dafd5ecc64b1a725f02bf1285ff45ede80420776a40379a9cdc458d3b5ac1ed1ae1347cbff7700505015678acfb56e6c59572f8968cd56a4d0d7dcbd49c055cc14b5c4e3db17afea3c500d9160be944a8b562793e067a13c3199e556b133d5d0931f398cf00d49f874ac2aa3de6b235164d48217372eee9473bbe53e3949ed9b41fe541394159ea458a2fef42aba6cb31d437adac0b6d3fc60e6e581296796d88e9fdb5fe92f7099e666e756ffe217bb3ba4cd0c855de147a6f4e75ab2f2aee6294ff4dcfafd4ec7db7bb9bca7c819025b70d90391a28868ecc41f9f1117094cc3c3635be2bbdd7c37ffed1fedef987bf7ecf8ce217895c7f89094847f093fc4bd375af899e3b330d993feb9ffe35f5a7fdc7e272d6f7359dfaa3583e3bde3583e3b324250248d60f8f39045f1165e6ac6fa31b739cbc17bc0c9aeff6ffe6bf5a6d1e7ff9b44912fadefbc5aa785f78b54f0bef16a9e17fa5d3e6ba7f907f6954c7ff93e34daa94e6a5f76f279c40a789cfefc765a72b6bbdf8fce56dbbe52e88a75aa5a4837fddb17b289747effd75ff4eeeaffa54eba55d2c08c69ff4b14b0aaf823fd9e7153657fe4ae203fb9977a09971f777f7584bfd3b85fdaeff955bc72d5c7f7da54ee4fda98f9fea4baed32fb54faecfefb4a41d23f6a83e72b61881983eb24aebb4f9f77effa07f4b2e18ee72be259ef37f76ddcf8d4c9149ed1726d1a7ce57dd747e7c65dc8cf9fe7afe1f6efdff8efa30a340f86ae3fbfe330e7d6165dc8fcec6d3987ebb3fbfd1e6491119329c7f9a24f951803e26fe499dfe4a1fccbd46d38e1ee8bfd8cebe32fe9fcd7f325fec5fc3fbfb15fe4c3fd5669f395f74e3c3ffe9059b687a00b2065ffed6250f39395ff7f4e3253f54cf9e9fbeff9a4ff633a50fde98576ff7fa78c93733bf51bb3b2ef9b3050932fffef5ae4ac23ff297ab4bf7f2c9fdc3e99d3ff1a97c845df57673ffdf3d6de35ffc71767fff78e07fffbc2936637ff205bbf880c8212a9baeee4fe7243c277cc90f09ff2d8ca83f2e76c8b982f8c98382e3457342bcb179af979e13679af9795e9e97f0fc447c88171ccb7d07fe3f03d98afe58a77348d595ef927cfff49027fff7f7ce0712d593b7bae1a12d1fbe5cbd7840599ff8a1755a3dcc69fc50badefe72ff64f8eaf5fefc34911437c2207c8aee150fbbacd9e7f2e51f2e72bf65626b27f9728fe9f60f4ba4fe5be9fffdbd96bf1fe3be82df7b0807f21b2fd87d67395f5879fb4cfefe5fcb72f1caf8b5911a726c2fa07dfdb4a37eafc8552f33fb7772ae2e56eeb3f243fc63ff60f07cbbed9bf8c473fdfbd67b04fe30a7aca7ee8ff45a7bfe7219812fe7fe6e73f205fddcc68fa40bb945cc737d9ff76db897ec4eee5b011d2256bf008f31c03f08df3b72b62a1cb0cfefb4b2f3065d65f95937b8edbf27fc59cafcc0cb3cb9fdf69441ae93ff0dd617ffd2e1f1217f24af36bcd937fe4f027969cb30fde8fbc7d06b97f76f5b007e7d2c9f5a7e0f7daff0d7376fc0e03c2e7f8b395b57db68fd405bffa7ff7e6f6e7ef8ca8f1e61b3cfffd527c22024f0f09bfff06bf00f84f89d15b5d03e3feff5f2be69b79fddba3624f9661ac7776f49e646ede980986affb05bfa7be4d7df97f276252a07f9e3d03e0f4fd3d2035f6eb77f086f38115f6eb77f08e9fc0b5f6eb77f08e95d19aa43364ff3c3e92f9ce47aca599e54e9d49ff1ff7761408579576e8b4ecff92db7e687e7c778e3a9cb13d6bedcafb8753ca21e303e4d3e4dd99bd2e45e06b18f5fbfbbd210b7e87dff8f1deb7444febf6aff5fc0afe0b9aed43b81be2fc040c7205e333c75f97647276c8e4eda0eeb2c4fcdbf05df657bb6a28fa68918bfa56ed10b0b75630b9b5f67ffab1539ec576cb4adda22e2cda1a3665cc2fe646bc482d61f8e3b80027285a8df58a13b0f3ac61f9a2244e68c8793f4cf37c9e016626f87a61656e184cdd70720c80e97074bb44c7f4ba93a2046eedfa1cd7f7e8ac1e78bdd3f2aff53b9f2f7ac95241870c7c3814ac5d71d4afe686ecf1209af401d2efa2e8fe26bf7037e85f0161afe0e16e66e0c8c5b40fbdc6a8e5a872b69b31449fcbc33971968b57bd539b86747b020940d1ac6c2fce8e046db8c59aad246b4ccccb2efcf77f20e9b9f0ee76504756f69eeb66c14bcfef346ad6ee7505ce1f65c21a4bf20124768230310bacaac7e5d630b9360aee5b2f90133187839ffa2d8a20b5f42b053f543f3e3c95047162a2bb234f3af825b2ad742e65a83fe14119aa4b4e1903c8d30415683f20aa409b677619db5616d0c7ae8294bd333143e4d29d6a2b33fbef94e89fe7f3bbee28d02fa273731fc69dded518ac4ea0054503bd40ffeb829644eb4a3fd25702e0135d302ff816975642c36b90cc6b45167c75c945fc8cb13d2738131057e4d5df767bb42fbf5f9744b6d83964bfaf1df04e592c91f7bff6dad2e9e4a1befdfce709f5ba1e44e67e812cf432a1e4e707b03fcaa5693b43d3f47217ce59b6f76d87a22eed717fc291fee7f7fbf5fa350ecbf4f371485876034e510743f6accb83b49affa91f0af01daf1a098cc969cbf5acdbf9380af65612c69c97c0b0c13a17fea9eb5fe97150cf6e574fbe5b36e70c7bee82f36dc62bd95768d550b3222f118503c236516ffb1778f667673bcaaf7771077d2f71dc64a6d0b28352e9a465d7aaf5fff9f5436b9ca363325a30fd0952e5942ebd752e3fcc2314d1605e65e7f48c7b6a1fa4251a92ced6026af7bd27fd227ff26a37be3c4f64fe6a0520fb96804dbf938088f0a8287bc28f4dcb40c943250c943e387d593f32cff27f7ff20fe8ff97fd8ae5ee2cf70731be13311b2452b95a12f1cf4de6c1f13a07606c25e1b7c3eae3875617b9ea1ebf93b6766a841aff5d7b0dcede508d5dce2daa6f0a3d3db9ee7f193dc7187eddfc53d9e83e47a599a0444e96e9333f1a4bd77d0d2fde19ee8781defb8cd3c9c049d6fbd69875960f7dc524fbedb263713c4c28781bc8d0743206f894789fc7de2283d8219ef5e823f8df6250556b5fe320e6f83cc51d51e40e496d7e3925f9055fd75d840fe9a88588bdefb3eed8bd9bf7eed2077fba6e7d7e9194705c9c40069efe373f8c9efb73f8c9c1ef64c684b1465f782428327cf6d83f5f516bf85b6c05cadf04df3bd686fc6dfb611c62bc82aec5091dcd9e40f9a4df1fa7586bd9c8405d2725f769266c9ee75ffe2dffe0d7c795729ff908dbb4dd0b732e9dda7daa44e7f7e3b2d395b5def93f6a88c7543ab818ebec11a047ebfdaf63b326441e6a2cad10788ef2f13ffd2e9f1e8ffa58a50940b17d64795fa250f1c2a7cff679c54d95ff92cc7f63bbf6951a7c547f9851a79272c4e7fef4c22dff38f84dcad8af13c9fff12bebb3fbed290748fffc4a08bfd497571307ffbbaecd964c41ffff98cde1fb30f7b9ba066ea3fb9977a0bc613ce57c445e5a7f76ddd17f823fd9e7078ebf6cb49955abd0c48d5c7f7fccedf585977c5e9ae96581fa563477892ba7ebb3fbed28bf08b95b10232e20e2a40bca3eeef37f76daf4637ff8e09fbdb7abf9433941f4f9cafbae8fcf8c2cffafddda703bf7e71fa41cc17e9ae9ea672be2cca7571fdff17f7c3fde7f5859543d0dfef34b9cafd47f7c3fd39ffff8135daf98fc824fbff88fb2ebee372bfa43d90feae65ddff13ec127f776b0020d3e72beea0f0ffc4e69e201d75cac9aff8f0d303f89891ff2cfe903fbe8b3fffe59fd1ceffffe2468dffcd25cff5a850a8dd7d213d307ff1b69311fff79a38bffffbc569989ea1ff2d79f9b1d29db8b07ba2bc782b6d7d5da7236baaa71d22c775a1f59d139a1032ef29e6b67a6f94f8d2cb5c6965ae34b2d71a596b8d2cb5c6965ae34b2d71a596b8d2cb5c6965ae34b2d71a596b8d2cb5c6965ab440800000),
(7, 2, '67895', 'kamila', 'mila', 'uni ', 'sanchez', 1, 4, 4, 0x52494646c80f00005745425056503820bc0f00005093009d012a800280022e9968b45a22a825250800984b4b77f3013dc7407f0dfee78c1da05f92f2c5ebff145fffd6834b6298749bc31fa012003318cbab98a9f21ff31e693f877b111fa6a5476a9ae2f7d5288518e5948eea3b54d717bea94428d4575977c71ecc600c5cc600c5cc600c5cc600c5cc600c5cc600c5cc600c5cc600c5cc600c5cc600c5cc600c5cc600c5cc600c5cc600c5cc600c5cc600c5cc600c5cc600c5cc600c5cc600c5cc600c5cc600c5cc600c5cc600c5cc600c5cc600c5cc600c5cc600c5cc600c5cc600c5cc600c5cc600c5cc600c5cc600c5cc600c5cc600c5cc600c5cc600c5cc600c5cc600c5cc600c5cc600c5cc600c5cc600c5cc600c5cc600c5cc600c5cc600c5cc600c5cc600c5cc600c5cc600c5cc600c5cc600c5cc600c5cc600c5cc600c5cc5fb59c1b5a79582b53e896b2ef8e3d98c018b98c018b98c018b98c018b9218fe27ee31568e2f5bebacbbe38f6630062e630062e630062e62758722ef8e3d989feb131803173180317318031731803173180314ad7c71ecc600c5ca872bd6faeb2ef8e3d98c018b98c018b98c018acf21177c71ecc600c52e0a5df1c7b318031731803173180317317ec64977c71ecc600c5ca872bd6faeb2ef8e3d98c018b98c018b98bfa6f0f1ecc600c5cc600c568686df1c7b318031731803173180317317f4e536f8e3d98c018b98bf93ca30062e630062e630062e630062e62fe9ca6df1c7b3180317317f33222e630062e630062e630062e630062e52777adf5d65df1c7b317f2794600c5cc600c5cc600c5cc600c5cc5fd37878f6630062e630062b42d1e3d98c018b98c018b98c018b98c018a985c5eb7d75977c71ecc553b4cbbe38f6630062e630062e630062e630e722630062e630062e4877aeb2ef8e3d98c018b98c018b98c018b989df8478f6630062e62aa5f22ef8e3d98c018b98c018b98c018b98c018a6dfdc7b3180317243bd75977c71ecc600c5cc600c5cc600c5cc600a7df8478f6627bb2adf5d65df1c7b31803173180317318031731803172a1f00ba87061d12d65df1c7b318031731803173180317318031724d36b19c6e263776a4b5977c71ecc600c5cc600c5cc600c5cc600a94e6e922fa0b877d91254bfa25acbbe38f6630062e630062e627bb1df7a7d12d65df1c79d5e2411c92d65df1c7b318031731802a533c15d96b2ef8e3d98c018b989e48214b5977c71ecc600c5cc4f7658c75d65df1c7b3180317318031724945eb7d75977c71ecc5fb11debacbbe38f6630062e630062e6300545ff69f5d65df1c7b24b95eb7d75977c71ecc600c5cc600c5cc600a7dfa0dbe38f663005989c7b318031731803173180317318031731802d1bf08f1ecc600a7feb13180317318031731803173180317318031729fabbe38f662fe48418b98c018b98c018b98c018b98c018b98c018b93d9bbe38f662a9da65df1c7b3180317318031731803173180317317f4facc600c5cc4f46bfffffffffffffffffffffffffffffffffffffffffffffffffffffffffffffffffffe1cbe38f6630053e9916354574114b515d0452d45747c018b98c018b98c018b98c018b98c018b98c018b98c018b98c018b98c018b98c018b98c018b98c018b98c018b98c018b98c018b98c018b98c01890000feff588949d8e285d413f1b124e9fc4fc6c493a7f13f1b124e9fc4fc6c493a7f13f1b124e9fc4fc6c493a7f13f1b124ea07fb65dafd5ecc64b1a725f02bf1285ff45ede80420776a40379a9cdc458d3b5ac1ed1ae1347cbff7700505015678acfb56e6c59572f8968cd56a4d0d7dcbd49c055cc14b5c4e3db17afea3c500d9160be944a8b562793e067a13c3199e556b133d5d0931f398cf00d49f874ac2aa3de6b235164d48217372eee9473bbe53e3949ed9b41fe541394159ea458a2fef42aba6cb31d437adac0b6d3fc60e6e581296796d88e9fdb5fe92f7099e666e756ffe217bb3ba4cd0c855de147a6f4e75ab2f2aee6294ff4dcfafd4ec7db7bb9bca7c819025b70d90391a28868ecc41f9f1117094cc3c3635be2bbdd7c37ffed1fedef987bf7ecf8ce217895c7f89094847f093fc4bd375af899e3b330d993feb9ffe35f5a7fdc7e272d6f7359dfaa3583e3bde3583e3b324250248d60f8f39045f1165e6ac6fa31b739cbc17bc0c9aeff6ffe6bf5a6d1e7ff9b44912fadefbc5aa785f78b54f0bef16a9e17fa5d3e6ba7f907f6954c7ff93e34daa94e6a5f76f279c40a789cfefc765a72b6bbdf8fce56dbbe52e88a75aa5a4837fddb17b289747effd75ff4eeeaffa54eba55d2c08c69ff4b14b0aaf823fd9e7153657fe4ae203fb9977a09971f777f7584bfd3b85fdaeff955bc72d5c7f7da54ee4fda98f9fea4baed32fb54faecfefb4a41d23f6a83e72b61881983eb24aebb4f9f77effa07f4b2e18ee72be259ef37f76ddcf8d4c9149ed1726d1a7ce57dd747e7c65dc8cf9fe7afe1f6efdff8efa30a340f86ae3fbfe330e7d6165dc8fcec6d3987ebb3fbfd1e6491119329c7f9a24f951803e26fe499dfe4a1fccbd46d38e1ee8bfd8cebe32fe9fcd7f325fec5fc3fbfb15fe4c3fd5669f395f74e3c3ffe9059b687a00b2065ffed6250f39395ff7f4e3253f54cf9e9fbeff9a4ff633a50fde98576ff7fa78c93733bf51bb3b2ef9b3050932fffef5ae4ac23ff297ab4bf7f2c9fdc3e99d3ff1a97c845df57673ffdf3d6de35ffc71767fff78e07fffbc2936637ff205bbf880c8212a9baeee4fe7243c277cc90f09ff2d8ca83f2e76c8b982f8c98382e3457342bcb179af979e13679af9795e9e97f0fc447c88171ccb7d07fe3f03d98afe58a77348d595ef927cfff49027fff7f7ce0712d593b7bae1a12d1fbe5cbd7840599ff8a1755a3dcc69fc50badefe72ff64f8eaf5fefc34911437c2207c8aee150fbbacd9e7f2e51f2e72bf65626b27f9728fe9f60f4ba4fe5be9fffdbd96bf1fe3be82df7b0807f21b2fd87d67395f5879fb4cfefe5fcb72f1caf8b5911a726c2fa07dfdb4a37eafc8552f33fb7772ae2e56eeb3f243fc63ff60f07cbbed9bf8c473fdfbd67b04fe30a7aca7ee8ff45a7bfe7219812fe7fe6e73f205fddcc68fa40bb945cc737d9ff76db897ec4eee5b011d2256bf008f31c03f08df3b72b62a1cb0cfefb4b2f3065d65f95937b8edbf27fc59cafcc0cb3cb9fdf69441ae93ff0dd617ffd2e1f1217f24af36bcd937fe4f027969cb30fde8fbc7d06b97f76f5b007e7d2c9f5a7e0f7daff0d7376fc0e03c2e7f8b395b57db68fd405bffa7ff7e6f6e7ef8ca8f1e61b3cfffd527c22024f0f09bfff06bf00f84f89d15b5d03e3feff5f2be69b79fddba3624f9661ac7776f49e646ede980986affb05bfa7be4d7df97f276252a07f9e3d03e0f4fd3d2035f6eb77f086f38115f6eb77f08e9fc0b5f6eb77f08e95d19aa43364ff3c3e92f9ce47aca599e54e9d49ff1ff7761408579576e8b4ecff92db7e687e7c778e3a9cb13d6bedcafb8753ca21e303e4d3e4dd99bd2e45e06b18f5fbfbbd210b7e87dff8f1deb7444febf6aff5fc0afe0b9aed43b81be2fc040c7205e333c75f97647276c8e4eda0eeb2c4fcdbf05df657bb6a28fa68918bfa56ed10b0b75630b9b5f67ffab1539ec576cb4adda22e2cda1a3665cc2fe646bc482d61f8e3b80027285a8df58a13b0f3ac61f9a2244e68c8793f4cf37c9e016626f87a61656e184cdd70720c80e97074bb44c7f4ba93a2046eedfa1cd7f7e8ac1e78bdd3f2aff53b9f2f7ac95241870c7c3814ac5d71d4afe686ecf1209af401d2efa2e8fe26bf7037e85f0161afe0e16e66e0c8c5b40fbdc6a8e5a872b69b31449fcbc33971968b57bd539b86747b020940d1ac6c2fce8e046db8c59aad246b4ccccb2efcf77f20e9b9f0ee76504756f69eeb66c14bcfef346ad6ee7505ce1f65c21a4bf20124768230310bacaac7e5d630b9360aee5b2f90133187839ffa2d8a20b5f42b053f543f3e3c95047162a2bb234f3af825b2ad742e65a83fe14119aa4b4e1903c8d30415683f20aa409b677619db5616d0c7ae8294bd333143e4d29d6a2b33fbef94e89fe7f3bbee28d02fa273731fc69dded518ac4ea0054503bd40ffeb829644eb4a3fd25702e0135d302ff816975642c36b90cc6b45167c75c945fc8cb13d2738131057e4d5df767bb42fbf5f9744b6d83964bfaf1df04e592c91f7bff6dad2e9e4a1befdfce709f5ba1e44e67e812cf432a1e4e707b03fcaa5693b43d3f47217ce59b6f76d87a22eed717fc291fee7f7fbf5fa350ecbf4f371485876034e510743f6accb83b49affa91f0af01daf1a098cc969cbf5acdbf9380af65612c69c97c0b0c13a17fea9eb5fe97150cf6e574fbe5b36e70c7bee82f36dc62bd95768d550b3222f118503c236516ffb1778f667673bcaaf7771077d2f71dc64a6d0b28352e9a465d7aaf5fff9f5436b9ca363325a30fd0952e5942ebd752e3fcc2314d1605e65e7f48c7b6a1fa4251a92ced6026af7bd27fd227ff26a37be3c4f64fe6a0520fb96804dbf938088f0a8287bc28f4dcb40c943250c943e387d593f32cff27f7ff20fe8ff97fd8ae5ee2cf70731be13311b2452b95a12f1cf4de6c1f13a07606c25e1b7c3eae3875617b9ea1ebf93b6766a841aff5d7b0dcede508d5dce2daa6f0a3d3db9ee7f193dc7187eddfc53d9e83e47a599a0444e96e9333f1a4bd77d0d2fde19ee8781defb8cd3c9c049d6fbd69875960f7dc524fbedb263713c4c28781bc8d0743206f894789fc7de2283d8219ef5e823f8df6250556b5fe320e6f83cc51d51e40e496d7e3925f9055fd75d840fe9a88588bdefb3eed8bd9bf7eed2077fba6e7d7e9194705c9c40069efe373f8c9efb73f8c9c1ef64c684b1465f782428327cf6d83f5f516bf85b6c05cadf04df3bd686fc6dfb611c62bc82aec5091dcd9e40f9a4df1fa7586bd9c8405d2725f769266c9ee75ffe2dffe0d7c795729ff908dbb4dd0b732e9dda7daa44e7f7e3b2d395b5def93f6a88c7543ab818ebec11a047ebfdaf63b326441e6a2cad10788ef2f13ffd2e9f1e8ffa58a50940b17d64795fa250f1c2a7cff679c54d95ff92cc7f63bbf6951a7c547f9851a79272c4e7fef4c22dff38f84dcad8af13c9fff12bebb3fbed290748fffc4a08bfd497571307ffbbaecd964c41ffff98cde1fb30f7b9ba066ea3fb9977a0bc613ce57c445e5a7f76ddd17f823fd9e7078ebf6cb49955abd0c48d5c7f7fccedf585977c5e9ae96581fa563477892ba7ebb3fbed28bf08b95b10232e20e2a40bca3eeef37f76daf4637ff8e09fbdb7abf9433941f4f9cafbae8fcf8c2cffafddda703bf7e71fa41cc17e9ae9ea672be2cca7571fdff17f7c3fde7f5859543d0dfef34b9cafd47f7c3fd39ffff8135daf98fc824fbff88fb2ebee372bfa43d90feae65ddff13ec127f776b0020d3e72beea0f0ffc4e69e201d75cac9aff8f0d303f89891ff2cfe903fbe8b3fffe59fd1ceffffe2468dffcd25cff5a850a8dd7d213d307ff1b69311fff79a38bffffbc569989ea1ff2d79f9b1d29db8b07ba2bc782b6d7d5da7236baaa71d22c775a1f59d139a1032ef29e6b67a6f94f8d2cb5c6965ae34b2d71a596b8d2cb5c6965ae34b2d71a596b8d2cb5c6965ae34b2d71a596b8d2cb5c6965ab440800000),
(8, 2, '110493452', 'Ivan', 'camilo', 'gomez', 'parada', 2, 2, 2, 0x52494646c80f00005745425056503820bc0f00005093009d012a800280022e9968b45a22a825250800984b4b77f3013dc7407f0dfee78c1da05f92f2c5ebff145fffd6834b6298749bc31fa012003318cbab98a9f21ff31e693f877b111fa6a5476a9ae2f7d5288518e5948eea3b54d717bea94428d4575977c71ecc600c5cc600c5cc600c5cc600c5cc600c5cc600c5cc600c5cc600c5cc600c5cc600c5cc600c5cc600c5cc600c5cc600c5cc600c5cc600c5cc600c5cc600c5cc600c5cc600c5cc600c5cc600c5cc600c5cc600c5cc600c5cc600c5cc600c5cc600c5cc600c5cc600c5cc600c5cc600c5cc600c5cc600c5cc600c5cc600c5cc600c5cc600c5cc600c5cc600c5cc600c5cc600c5cc600c5cc600c5cc600c5cc600c5cc600c5cc600c5cc600c5cc600c5cc600c5cc600c5cc600c5cc600c5cc600c5cc600c5cc600c5cc5fb59c1b5a79582b53e896b2ef8e3d98c018b98c018b98c018b98c018b9218fe27ee31568e2f5bebacbbe38f6630062e630062e630062e62758722ef8e3d989feb131803173180317318031731803173180314ad7c71ecc600c5ca872bd6faeb2ef8e3d98c018b98c018b98c018acf21177c71ecc600c52e0a5df1c7b318031731803173180317317ec64977c71ecc600c5ca872bd6faeb2ef8e3d98c018b98c018b98bfa6f0f1ecc600c5cc600c568686df1c7b318031731803173180317317f4e536f8e3d98c018b98bf93ca30062e630062e630062e630062e62fe9ca6df1c7b3180317317f33222e630062e630062e630062e630062e52777adf5d65df1c7b317f2794600c5cc600c5cc600c5cc600c5cc5fd37878f6630062e630062b42d1e3d98c018b98c018b98c018b98c018a985c5eb7d75977c71ecc553b4cbbe38f6630062e630062e630062e630e722630062e630062e4877aeb2ef8e3d98c018b98c018b98c018b989df8478f6630062e62aa5f22ef8e3d98c018b98c018b98c018b98c018a6dfdc7b3180317243bd75977c71ecc600c5cc600c5cc600c5cc600a7df8478f6627bb2adf5d65df1c7b31803173180317318031731803172a1f00ba87061d12d65df1c7b318031731803173180317318031724d36b19c6e263776a4b5977c71ecc600c5cc600c5cc600c5cc600a94e6e922fa0b877d91254bfa25acbbe38f6630062e630062e627bb1df7a7d12d65df1c79d5e2411c92d65df1c7b318031731802a533c15d96b2ef8e3d98c018b989e48214b5977c71ecc600c5cc4f7658c75d65df1c7b3180317318031724945eb7d75977c71ecc5fb11debacbbe38f6630062e630062e6300545ff69f5d65df1c7b24b95eb7d75977c71ecc600c5cc600c5cc600a7dfa0dbe38f663005989c7b318031731803173180317318031731802d1bf08f1ecc600a7feb13180317318031731803173180317318031729fabbe38f662fe48418b98c018b98c018b98c018b98c018b98c018b93d9bbe38f662a9da65df1c7b3180317318031731803173180317317f4facc600c5cc4f46bfffffffffffffffffffffffffffffffffffffffffffffffffffffffffffffffffffe1cbe38f6630053e9916354574114b515d0452d45747c018b98c018b98c018b98c018b98c018b98c018b98c018b98c018b98c018b98c018b98c018b98c018b98c018b98c018b98c018b98c018b98c01890000feff588949d8e285d413f1b124e9fc4fc6c493a7f13f1b124e9fc4fc6c493a7f13f1b124e9fc4fc6c493a7f13f1b124ea07fb65dafd5ecc64b1a725f02bf1285ff45ede80420776a40379a9cdc458d3b5ac1ed1ae1347cbff7700505015678acfb56e6c59572f8968cd56a4d0d7dcbd49c055cc14b5c4e3db17afea3c500d9160be944a8b562793e067a13c3199e556b133d5d0931f398cf00d49f874ac2aa3de6b235164d48217372eee9473bbe53e3949ed9b41fe541394159ea458a2fef42aba6cb31d437adac0b6d3fc60e6e581296796d88e9fdb5fe92f7099e666e756ffe217bb3ba4cd0c855de147a6f4e75ab2f2aee6294ff4dcfafd4ec7db7bb9bca7c819025b70d90391a28868ecc41f9f1117094cc3c3635be2bbdd7c37ffed1fedef987bf7ecf8ce217895c7f89094847f093fc4bd375af899e3b330d993feb9ffe35f5a7fdc7e272d6f7359dfaa3583e3bde3583e3b324250248d60f8f39045f1165e6ac6fa31b739cbc17bc0c9aeff6ffe6bf5a6d1e7ff9b44912fadefbc5aa785f78b54f0bef16a9e17fa5d3e6ba7f907f6954c7ff93e34daa94e6a5f76f279c40a789cfefc765a72b6bbdf8fce56dbbe52e88a75aa5a4837fddb17b289747effd75ff4eeeaffa54eba55d2c08c69ff4b14b0aaf823fd9e7153657fe4ae203fb9977a09971f777f7584bfd3b85fdaeff955bc72d5c7f7da54ee4fda98f9fea4baed32fb54faecfefb4a41d23f6a83e72b61881983eb24aebb4f9f77effa07f4b2e18ee72be259ef37f76ddcf8d4c9149ed1726d1a7ce57dd747e7c65dc8cf9fe7afe1f6efdff8efa30a340f86ae3fbfe330e7d6165dc8fcec6d3987ebb3fbfd1e6491119329c7f9a24f951803e26fe499dfe4a1fccbd46d38e1ee8bfd8cebe32fe9fcd7f325fec5fc3fbfb15fe4c3fd5669f395f74e3c3ffe9059b687a00b2065ffed6250f39395ff7f4e3253f54cf9e9fbeff9a4ff633a50fde98576ff7fa78c93733bf51bb3b2ef9b3050932fffef5ae4ac23ff297ab4bf7f2c9fdc3e99d3ff1a97c845df57673ffdf3d6de35ffc71767fff78e07fffbc2936637ff205bbf880c8212a9baeee4fe7243c277cc90f09ff2d8ca83f2e76c8b982f8c98382e3457342bcb179af979e13679af9795e9e97f0fc447c88171ccb7d07fe3f03d98afe58a77348d595ef927cfff49027fff7f7ce0712d593b7bae1a12d1fbe5cbd7840599ff8a1755a3dcc69fc50badefe72ff64f8eaf5fefc34911437c2207c8aee150fbbacd9e7f2e51f2e72bf65626b27f9728fe9f60f4ba4fe5be9fffdbd96bf1fe3be82df7b0807f21b2fd87d67395f5879fb4cfefe5fcb72f1caf8b5911a726c2fa07dfdb4a37eafc8552f33fb7772ae2e56eeb3f243fc63ff60f07cbbed9bf8c473fdfbd67b04fe30a7aca7ee8ff45a7bfe7219812fe7fe6e73f205fddcc68fa40bb945cc737d9ff76db897ec4eee5b011d2256bf008f31c03f08df3b72b62a1cb0cfefb4b2f3065d65f95937b8edbf27fc59cafcc0cb3cb9fdf69441ae93ff0dd617ffd2e1f1217f24af36bcd937fe4f027969cb30fde8fbc7d06b97f76f5b007e7d2c9f5a7e0f7daff0d7376fc0e03c2e7f8b395b57db68fd405bffa7ff7e6f6e7ef8ca8f1e61b3cfffd527c22024f0f09bfff06bf00f84f89d15b5d03e3feff5f2be69b79fddba3624f9661ac7776f49e646ede980986affb05bfa7be4d7df97f276252a07f9e3d03e0f4fd3d2035f6eb77f086f38115f6eb77f08e9fc0b5f6eb77f08e95d19aa43364ff3c3e92f9ce47aca599e54e9d49ff1ff7761408579576e8b4ecff92db7e687e7c778e3a9cb13d6bedcafb8753ca21e303e4d3e4dd99bd2e45e06b18f5fbfbbd210b7e87dff8f1deb7444febf6aff5fc0afe0b9aed43b81be2fc040c7205e333c75f97647276c8e4eda0eeb2c4fcdbf05df657bb6a28fa68918bfa56ed10b0b75630b9b5f67ffab1539ec576cb4adda22e2cda1a3665cc2fe646bc482d61f8e3b80027285a8df58a13b0f3ac61f9a2244e68c8793f4cf37c9e016626f87a61656e184cdd70720c80e97074bb44c7f4ba93a2046eedfa1cd7f7e8ac1e78bdd3f2aff53b9f2f7ac95241870c7c3814ac5d71d4afe686ecf1209af401d2efa2e8fe26bf7037e85f0161afe0e16e66e0c8c5b40fbdc6a8e5a872b69b31449fcbc33971968b57bd539b86747b020940d1ac6c2fce8e046db8c59aad246b4ccccb2efcf77f20e9b9f0ee76504756f69eeb66c14bcfef346ad6ee7505ce1f65c21a4bf20124768230310bacaac7e5d630b9360aee5b2f90133187839ffa2d8a20b5f42b053f543f3e3c95047162a2bb234f3af825b2ad742e65a83fe14119aa4b4e1903c8d30415683f20aa409b677619db5616d0c7ae8294bd333143e4d29d6a2b33fbef94e89fe7f3bbee28d02fa273731fc69dded518ac4ea0054503bd40ffeb829644eb4a3fd25702e0135d302ff816975642c36b90cc6b45167c75c945fc8cb13d2738131057e4d5df767bb42fbf5f9744b6d83964bfaf1df04e592c91f7bff6dad2e9e4a1befdfce709f5ba1e44e67e812cf432a1e4e707b03fcaa5693b43d3f47217ce59b6f76d87a22eed717fc291fee7f7fbf5fa350ecbf4f371485876034e510743f6accb83b49affa91f0af01daf1a098cc969cbf5acdbf9380af65612c69c97c0b0c13a17fea9eb5fe97150cf6e574fbe5b36e70c7bee82f36dc62bd95768d550b3222f118503c236516ffb1778f667673bcaaf7771077d2f71dc64a6d0b28352e9a465d7aaf5fff9f5436b9ca363325a30fd0952e5942ebd752e3fcc2314d1605e65e7f48c7b6a1fa4251a92ced6026af7bd27fd227ff26a37be3c4f64fe6a0520fb96804dbf938088f0a8287bc28f4dcb40c943250c943e387d593f32cff27f7ff20fe8ff97fd8ae5ee2cf70731be13311b2452b95a12f1cf4de6c1f13a07606c25e1b7c3eae3875617b9ea1ebf93b6766a841aff5d7b0dcede508d5dce2daa6f0a3d3db9ee7f193dc7187eddfc53d9e83e47a599a0444e96e9333f1a4bd77d0d2fde19ee8781defb8cd3c9c049d6fbd69875960f7dc524fbedb263713c4c28781bc8d0743206f894789fc7de2283d8219ef5e823f8df6250556b5fe320e6f83cc51d51e40e496d7e3925f9055fd75d840fe9a88588bdefb3eed8bd9bf7eed2077fba6e7d7e9194705c9c40069efe373f8c9efb73f8c9c1ef64c684b1465f782428327cf6d83f5f516bf85b6c05cadf04df3bd686fc6dfb611c62bc82aec5091dcd9e40f9a4df1fa7586bd9c8405d2725f769266c9ee75ffe2dffe0d7c795729ff908dbb4dd0b732e9dda7daa44e7f7e3b2d395b5def93f6a88c7543ab818ebec11a047ebfdaf63b326441e6a2cad10788ef2f13ffd2e9f1e8ffa58a50940b17d64795fa250f1c2a7cff679c54d95ff92cc7f63bbf6951a7c547f9851a79272c4e7fef4c22dff38f84dcad8af13c9fff12bebb3fbed290748fffc4a08bfd497571307ffbbaecd964c41ffff98cde1fb30f7b9ba066ea3fb9977a0bc613ce57c445e5a7f76ddd17f823fd9e7078ebf6cb49955abd0c48d5c7f7fccedf585977c5e9ae96581fa563477892ba7ebb3fbed28bf08b95b10232e20e2a40bca3eeef37f76daf4637ff8e09fbdb7abf9433941f4f9cafbae8fcf8c2cffafddda703bf7e71fa41cc17e9ae9ea672be2cca7571fdff17f7c3fde7f5859543d0dfef34b9cafd47f7c3fd39ffff8135daf98fc824fbff88fb2ebee372bfa43d90feae65ddff13ec127f776b0020d3e72beea0f0ffc4e69e201d75cac9aff8f0d303f89891ff2cfe903fbe8b3fffe59fd1ceffffe2468dffcd25cff5a850a8dd7d213d307ff1b69311fff79a38bffffbc569989ea1ff2d79f9b1d29db8b07ba2bc782b6d7d5da7236baaa71d22c775a1f59d139a1032ef29e6b67a6f94f8d2cb5c6965ae34b2d71a596b8d2cb5c6965ae34b2d71a596b8d2cb5c6965ae34b2d71a596b8d2cb5c6965ab440800000),
(9, 2, '209090', 'camilo', 'andres', 'salazar', 'valbuena', 2, 2, 2, 0x52494646c80f00005745425056503820bc0f00005093009d012a800280022e9968b45a22a825250800984b4b77f3013dc7407f0dfee78c1da05f92f2c5ebff145fffd6834b6298749bc31fa012003318cbab98a9f21ff31e693f877b111fa6a5476a9ae2f7d5288518e5948eea3b54d717bea94428d4575977c71ecc600c5cc600c5cc600c5cc600c5cc600c5cc600c5cc600c5cc600c5cc600c5cc600c5cc600c5cc600c5cc600c5cc600c5cc600c5cc600c5cc600c5cc600c5cc600c5cc600c5cc600c5cc600c5cc600c5cc600c5cc600c5cc600c5cc600c5cc600c5cc600c5cc600c5cc600c5cc600c5cc600c5cc600c5cc600c5cc600c5cc600c5cc600c5cc600c5cc600c5cc600c5cc600c5cc600c5cc600c5cc600c5cc600c5cc600c5cc600c5cc600c5cc600c5cc600c5cc600c5cc600c5cc600c5cc600c5cc600c5cc600c5cc5fb59c1b5a79582b53e896b2ef8e3d98c018b98c018b98c018b98c018b9218fe27ee31568e2f5bebacbbe38f6630062e630062e630062e62758722ef8e3d989feb131803173180317318031731803173180314ad7c71ecc600c5ca872bd6faeb2ef8e3d98c018b98c018b98c018acf21177c71ecc600c52e0a5df1c7b318031731803173180317317ec64977c71ecc600c5ca872bd6faeb2ef8e3d98c018b98c018b98bfa6f0f1ecc600c5cc600c568686df1c7b318031731803173180317317f4e536f8e3d98c018b98bf93ca30062e630062e630062e630062e62fe9ca6df1c7b3180317317f33222e630062e630062e630062e630062e52777adf5d65df1c7b317f2794600c5cc600c5cc600c5cc600c5cc5fd37878f6630062e630062b42d1e3d98c018b98c018b98c018b98c018a985c5eb7d75977c71ecc553b4cbbe38f6630062e630062e630062e630e722630062e630062e4877aeb2ef8e3d98c018b98c018b98c018b989df8478f6630062e62aa5f22ef8e3d98c018b98c018b98c018b98c018a6dfdc7b3180317243bd75977c71ecc600c5cc600c5cc600c5cc600a7df8478f6627bb2adf5d65df1c7b31803173180317318031731803172a1f00ba87061d12d65df1c7b318031731803173180317318031724d36b19c6e263776a4b5977c71ecc600c5cc600c5cc600c5cc600a94e6e922fa0b877d91254bfa25acbbe38f6630062e630062e627bb1df7a7d12d65df1c79d5e2411c92d65df1c7b318031731802a533c15d96b2ef8e3d98c018b989e48214b5977c71ecc600c5cc4f7658c75d65df1c7b3180317318031724945eb7d75977c71ecc5fb11debacbbe38f6630062e630062e6300545ff69f5d65df1c7b24b95eb7d75977c71ecc600c5cc600c5cc600a7dfa0dbe38f663005989c7b318031731803173180317318031731802d1bf08f1ecc600a7feb13180317318031731803173180317318031729fabbe38f662fe48418b98c018b98c018b98c018b98c018b98c018b93d9bbe38f662a9da65df1c7b3180317318031731803173180317317f4facc600c5cc4f46bfffffffffffffffffffffffffffffffffffffffffffffffffffffffffffffffffffe1cbe38f6630053e9916354574114b515d0452d45747c018b98c018b98c018b98c018b98c018b98c018b98c018b98c018b98c018b98c018b98c018b98c018b98c018b98c018b98c018b98c018b98c01890000feff588949d8e285d413f1b124e9fc4fc6c493a7f13f1b124e9fc4fc6c493a7f13f1b124e9fc4fc6c493a7f13f1b124ea07fb65dafd5ecc64b1a725f02bf1285ff45ede80420776a40379a9cdc458d3b5ac1ed1ae1347cbff7700505015678acfb56e6c59572f8968cd56a4d0d7dcbd49c055cc14b5c4e3db17afea3c500d9160be944a8b562793e067a13c3199e556b133d5d0931f398cf00d49f874ac2aa3de6b235164d48217372eee9473bbe53e3949ed9b41fe541394159ea458a2fef42aba6cb31d437adac0b6d3fc60e6e581296796d88e9fdb5fe92f7099e666e756ffe217bb3ba4cd0c855de147a6f4e75ab2f2aee6294ff4dcfafd4ec7db7bb9bca7c819025b70d90391a28868ecc41f9f1117094cc3c3635be2bbdd7c37ffed1fedef987bf7ecf8ce217895c7f89094847f093fc4bd375af899e3b330d993feb9ffe35f5a7fdc7e272d6f7359dfaa3583e3bde3583e3b324250248d60f8f39045f1165e6ac6fa31b739cbc17bc0c9aeff6ffe6bf5a6d1e7ff9b44912fadefbc5aa785f78b54f0bef16a9e17fa5d3e6ba7f907f6954c7ff93e34daa94e6a5f76f279c40a789cfefc765a72b6bbdf8fce56dbbe52e88a75aa5a4837fddb17b289747effd75ff4eeeaffa54eba55d2c08c69ff4b14b0aaf823fd9e7153657fe4ae203fb9977a09971f777f7584bfd3b85fdaeff955bc72d5c7f7da54ee4fda98f9fea4baed32fb54faecfefb4a41d23f6a83e72b61881983eb24aebb4f9f77effa07f4b2e18ee72be259ef37f76ddcf8d4c9149ed1726d1a7ce57dd747e7c65dc8cf9fe7afe1f6efdff8efa30a340f86ae3fbfe330e7d6165dc8fcec6d3987ebb3fbfd1e6491119329c7f9a24f951803e26fe499dfe4a1fccbd46d38e1ee8bfd8cebe32fe9fcd7f325fec5fc3fbfb15fe4c3fd5669f395f74e3c3ffe9059b687a00b2065ffed6250f39395ff7f4e3253f54cf9e9fbeff9a4ff633a50fde98576ff7fa78c93733bf51bb3b2ef9b3050932fffef5ae4ac23ff297ab4bf7f2c9fdc3e99d3ff1a97c845df57673ffdf3d6de35ffc71767fff78e07fffbc2936637ff205bbf880c8212a9baeee4fe7243c277cc90f09ff2d8ca83f2e76c8b982f8c98382e3457342bcb179af979e13679af9795e9e97f0fc447c88171ccb7d07fe3f03d98afe58a77348d595ef927cfff49027fff7f7ce0712d593b7bae1a12d1fbe5cbd7840599ff8a1755a3dcc69fc50badefe72ff64f8eaf5fefc34911437c2207c8aee150fbbacd9e7f2e51f2e72bf65626b27f9728fe9f60f4ba4fe5be9fffdbd96bf1fe3be82df7b0807f21b2fd87d67395f5879fb4cfefe5fcb72f1caf8b5911a726c2fa07dfdb4a37eafc8552f33fb7772ae2e56eeb3f243fc63ff60f07cbbed9bf8c473fdfbd67b04fe30a7aca7ee8ff45a7bfe7219812fe7fe6e73f205fddcc68fa40bb945cc737d9ff76db897ec4eee5b011d2256bf008f31c03f08df3b72b62a1cb0cfefb4b2f3065d65f95937b8edbf27fc59cafcc0cb3cb9fdf69441ae93ff0dd617ffd2e1f1217f24af36bcd937fe4f027969cb30fde8fbc7d06b97f76f5b007e7d2c9f5a7e0f7daff0d7376fc0e03c2e7f8b395b57db68fd405bffa7ff7e6f6e7ef8ca8f1e61b3cfffd527c22024f0f09bfff06bf00f84f89d15b5d03e3feff5f2be69b79fddba3624f9661ac7776f49e646ede980986affb05bfa7be4d7df97f276252a07f9e3d03e0f4fd3d2035f6eb77f086f38115f6eb77f08e9fc0b5f6eb77f08e95d19aa43364ff3c3e92f9ce47aca599e54e9d49ff1ff7761408579576e8b4ecff92db7e687e7c778e3a9cb13d6bedcafb8753ca21e303e4d3e4dd99bd2e45e06b18f5fbfbbd210b7e87dff8f1deb7444febf6aff5fc0afe0b9aed43b81be2fc040c7205e333c75f97647276c8e4eda0eeb2c4fcdbf05df657bb6a28fa68918bfa56ed10b0b75630b9b5f67ffab1539ec576cb4adda22e2cda1a3665cc2fe646bc482d61f8e3b80027285a8df58a13b0f3ac61f9a2244e68c8793f4cf37c9e016626f87a61656e184cdd70720c80e97074bb44c7f4ba93a2046eedfa1cd7f7e8ac1e78bdd3f2aff53b9f2f7ac95241870c7c3814ac5d71d4afe686ecf1209af401d2efa2e8fe26bf7037e85f0161afe0e16e66e0c8c5b40fbdc6a8e5a872b69b31449fcbc33971968b57bd539b86747b020940d1ac6c2fce8e046db8c59aad246b4ccccb2efcf77f20e9b9f0ee76504756f69eeb66c14bcfef346ad6ee7505ce1f65c21a4bf20124768230310bacaac7e5d630b9360aee5b2f90133187839ffa2d8a20b5f42b053f543f3e3c95047162a2bb234f3af825b2ad742e65a83fe14119aa4b4e1903c8d30415683f20aa409b677619db5616d0c7ae8294bd333143e4d29d6a2b33fbef94e89fe7f3bbee28d02fa273731fc69dded518ac4ea0054503bd40ffeb829644eb4a3fd25702e0135d302ff816975642c36b90cc6b45167c75c945fc8cb13d2738131057e4d5df767bb42fbf5f9744b6d83964bfaf1df04e592c91f7bff6dad2e9e4a1befdfce709f5ba1e44e67e812cf432a1e4e707b03fcaa5693b43d3f47217ce59b6f76d87a22eed717fc291fee7f7fbf5fa350ecbf4f371485876034e510743f6accb83b49affa91f0af01daf1a098cc969cbf5acdbf9380af65612c69c97c0b0c13a17fea9eb5fe97150cf6e574fbe5b36e70c7bee82f36dc62bd95768d550b3222f118503c236516ffb1778f667673bcaaf7771077d2f71dc64a6d0b28352e9a465d7aaf5fff9f5436b9ca363325a30fd0952e5942ebd752e3fcc2314d1605e65e7f48c7b6a1fa4251a92ced6026af7bd27fd227ff26a37be3c4f64fe6a0520fb96804dbf938088f0a8287bc28f4dcb40c943250c943e387d593f32cff27f7ff20fe8ff97fd8ae5ee2cf70731be13311b2452b95a12f1cf4de6c1f13a07606c25e1b7c3eae3875617b9ea1ebf93b6766a841aff5d7b0dcede508d5dce2daa6f0a3d3db9ee7f193dc7187eddfc53d9e83e47a599a0444e96e9333f1a4bd77d0d2fde19ee8781defb8cd3c9c049d6fbd69875960f7dc524fbedb263713c4c28781bc8d0743206f894789fc7de2283d8219ef5e823f8df6250556b5fe320e6f83cc51d51e40e496d7e3925f9055fd75d840fe9a88588bdefb3eed8bd9bf7eed2077fba6e7d7e9194705c9c40069efe373f8c9efb73f8c9c1ef64c684b1465f782428327cf6d83f5f516bf85b6c05cadf04df3bd686fc6dfb611c62bc82aec5091dcd9e40f9a4df1fa7586bd9c8405d2725f769266c9ee75ffe2dffe0d7c795729ff908dbb4dd0b732e9dda7daa44e7f7e3b2d395b5def93f6a88c7543ab818ebec11a047ebfdaf63b326441e6a2cad10788ef2f13ffd2e9f1e8ffa58a50940b17d64795fa250f1c2a7cff679c54d95ff92cc7f63bbf6951a7c547f9851a79272c4e7fef4c22dff38f84dcad8af13c9fff12bebb3fbed290748fffc4a08bfd497571307ffbbaecd964c41ffff98cde1fb30f7b9ba066ea3fb9977a0bc613ce57c445e5a7f76ddd17f823fd9e7078ebf6cb49955abd0c48d5c7f7fccedf585977c5e9ae96581fa563477892ba7ebb3fbed28bf08b95b10232e20e2a40bca3eeef37f76daf4637ff8e09fbdb7abf9433941f4f9cafbae8fcf8c2cffafddda703bf7e71fa41cc17e9ae9ea672be2cca7571fdff17f7c3fde7f5859543d0dfef34b9cafd47f7c3fd39ffff8135daf98fc824fbff88fb2ebee372bfa43d90feae65ddff13ec127f776b0020d3e72beea0f0ffc4e69e201d75cac9aff8f0d303f89891ff2cfe903fbe8b3fffe59fd1ceffffe2468dffcd25cff5a850a8dd7d213d307ff1b69311fff79a38bffffbc569989ea1ff2d79f9b1d29db8b07ba2bc782b6d7d5da7236baaa71d22c775a1f59d139a1032ef29e6b67a6f94f8d2cb5c6965ae34b2d71a596b8d2cb5c6965ae34b2d71a596b8d2cb5c6965ae34b2d71a596b8d2cb5c6965ab440800000),
(10, 3, '1', 'Diana ', 'gehidy catherine', 'uni ', 'uni triana', 2, 4, 4, 0x52494646c80f00005745425056503820bc0f00005093009d012a800280022e9968b45a22a825250800984b4b77f3013dc7407f0dfee78c1da05f92f2c5ebff145fffd6834b6298749bc31fa012003318cbab98a9f21ff31e693f877b111fa6a5476a9ae2f7d5288518e5948eea3b54d717bea94428d4575977c71ecc600c5cc600c5cc600c5cc600c5cc600c5cc600c5cc600c5cc600c5cc600c5cc600c5cc600c5cc600c5cc600c5cc600c5cc600c5cc600c5cc600c5cc600c5cc600c5cc600c5cc600c5cc600c5cc600c5cc600c5cc600c5cc600c5cc600c5cc600c5cc600c5cc600c5cc600c5cc600c5cc600c5cc600c5cc600c5cc600c5cc600c5cc600c5cc600c5cc600c5cc600c5cc600c5cc600c5cc600c5cc600c5cc600c5cc600c5cc600c5cc600c5cc600c5cc600c5cc600c5cc600c5cc600c5cc600c5cc600c5cc600c5cc5fb59c1b5a79582b53e896b2ef8e3d98c018b98c018b98c018b98c018b9218fe27ee31568e2f5bebacbbe38f6630062e630062e630062e62758722ef8e3d989feb131803173180317318031731803173180314ad7c71ecc600c5ca872bd6faeb2ef8e3d98c018b98c018b98c018acf21177c71ecc600c52e0a5df1c7b318031731803173180317317ec64977c71ecc600c5ca872bd6faeb2ef8e3d98c018b98c018b98bfa6f0f1ecc600c5cc600c568686df1c7b318031731803173180317317f4e536f8e3d98c018b98bf93ca30062e630062e630062e630062e62fe9ca6df1c7b3180317317f33222e630062e630062e630062e630062e52777adf5d65df1c7b317f2794600c5cc600c5cc600c5cc600c5cc5fd37878f6630062e630062b42d1e3d98c018b98c018b98c018b98c018a985c5eb7d75977c71ecc553b4cbbe38f6630062e630062e630062e630e722630062e630062e4877aeb2ef8e3d98c018b98c018b98c018b989df8478f6630062e62aa5f22ef8e3d98c018b98c018b98c018b98c018a6dfdc7b3180317243bd75977c71ecc600c5cc600c5cc600c5cc600a7df8478f6627bb2adf5d65df1c7b31803173180317318031731803172a1f00ba87061d12d65df1c7b318031731803173180317318031724d36b19c6e263776a4b5977c71ecc600c5cc600c5cc600c5cc600a94e6e922fa0b877d91254bfa25acbbe38f6630062e630062e627bb1df7a7d12d65df1c79d5e2411c92d65df1c7b318031731802a533c15d96b2ef8e3d98c018b989e48214b5977c71ecc600c5cc4f7658c75d65df1c7b3180317318031724945eb7d75977c71ecc5fb11debacbbe38f6630062e630062e6300545ff69f5d65df1c7b24b95eb7d75977c71ecc600c5cc600c5cc600a7dfa0dbe38f663005989c7b318031731803173180317318031731802d1bf08f1ecc600a7feb13180317318031731803173180317318031729fabbe38f662fe48418b98c018b98c018b98c018b98c018b98c018b93d9bbe38f662a9da65df1c7b3180317318031731803173180317317f4facc600c5cc4f46bfffffffffffffffffffffffffffffffffffffffffffffffffffffffffffffffffffe1cbe38f6630053e9916354574114b515d0452d45747c018b98c018b98c018b98c018b98c018b98c018b98c018b98c018b98c018b98c018b98c018b98c018b98c018b98c018b98c018b98c018b98c01890000feff588949d8e285d413f1b124e9fc4fc6c493a7f13f1b124e9fc4fc6c493a7f13f1b124e9fc4fc6c493a7f13f1b124ea07fb65dafd5ecc64b1a725f02bf1285ff45ede80420776a40379a9cdc458d3b5ac1ed1ae1347cbff7700505015678acfb56e6c59572f8968cd56a4d0d7dcbd49c055cc14b5c4e3db17afea3c500d9160be944a8b562793e067a13c3199e556b133d5d0931f398cf00d49f874ac2aa3de6b235164d48217372eee9473bbe53e3949ed9b41fe541394159ea458a2fef42aba6cb31d437adac0b6d3fc60e6e581296796d88e9fdb5fe92f7099e666e756ffe217bb3ba4cd0c855de147a6f4e75ab2f2aee6294ff4dcfafd4ec7db7bb9bca7c819025b70d90391a28868ecc41f9f1117094cc3c3635be2bbdd7c37ffed1fedef987bf7ecf8ce217895c7f89094847f093fc4bd375af899e3b330d993feb9ffe35f5a7fdc7e272d6f7359dfaa3583e3bde3583e3b324250248d60f8f39045f1165e6ac6fa31b739cbc17bc0c9aeff6ffe6bf5a6d1e7ff9b44912fadefbc5aa785f78b54f0bef16a9e17fa5d3e6ba7f907f6954c7ff93e34daa94e6a5f76f279c40a789cfefc765a72b6bbdf8fce56dbbe52e88a75aa5a4837fddb17b289747effd75ff4eeeaffa54eba55d2c08c69ff4b14b0aaf823fd9e7153657fe4ae203fb9977a09971f777f7584bfd3b85fdaeff955bc72d5c7f7da54ee4fda98f9fea4baed32fb54faecfefb4a41d23f6a83e72b61881983eb24aebb4f9f77effa07f4b2e18ee72be259ef37f76ddcf8d4c9149ed1726d1a7ce57dd747e7c65dc8cf9fe7afe1f6efdff8efa30a340f86ae3fbfe330e7d6165dc8fcec6d3987ebb3fbfd1e6491119329c7f9a24f951803e26fe499dfe4a1fccbd46d38e1ee8bfd8cebe32fe9fcd7f325fec5fc3fbfb15fe4c3fd5669f395f74e3c3ffe9059b687a00b2065ffed6250f39395ff7f4e3253f54cf9e9fbeff9a4ff633a50fde98576ff7fa78c93733bf51bb3b2ef9b3050932fffef5ae4ac23ff297ab4bf7f2c9fdc3e99d3ff1a97c845df57673ffdf3d6de35ffc71767fff78e07fffbc2936637ff205bbf880c8212a9baeee4fe7243c277cc90f09ff2d8ca83f2e76c8b982f8c98382e3457342bcb179af979e13679af9795e9e97f0fc447c88171ccb7d07fe3f03d98afe58a77348d595ef927cfff49027fff7f7ce0712d593b7bae1a12d1fbe5cbd7840599ff8a1755a3dcc69fc50badefe72ff64f8eaf5fefc34911437c2207c8aee150fbbacd9e7f2e51f2e72bf65626b27f9728fe9f60f4ba4fe5be9fffdbd96bf1fe3be82df7b0807f21b2fd87d67395f5879fb4cfefe5fcb72f1caf8b5911a726c2fa07dfdb4a37eafc8552f33fb7772ae2e56eeb3f243fc63ff60f07cbbed9bf8c473fdfbd67b04fe30a7aca7ee8ff45a7bfe7219812fe7fe6e73f205fddcc68fa40bb945cc737d9ff76db897ec4eee5b011d2256bf008f31c03f08df3b72b62a1cb0cfefb4b2f3065d65f95937b8edbf27fc59cafcc0cb3cb9fdf69441ae93ff0dd617ffd2e1f1217f24af36bcd937fe4f027969cb30fde8fbc7d06b97f76f5b007e7d2c9f5a7e0f7daff0d7376fc0e03c2e7f8b395b57db68fd405bffa7ff7e6f6e7ef8ca8f1e61b3cfffd527c22024f0f09bfff06bf00f84f89d15b5d03e3feff5f2be69b79fddba3624f9661ac7776f49e646ede980986affb05bfa7be4d7df97f276252a07f9e3d03e0f4fd3d2035f6eb77f086f38115f6eb77f08e9fc0b5f6eb77f08e95d19aa43364ff3c3e92f9ce47aca599e54e9d49ff1ff7761408579576e8b4ecff92db7e687e7c778e3a9cb13d6bedcafb8753ca21e303e4d3e4dd99bd2e45e06b18f5fbfbbd210b7e87dff8f1deb7444febf6aff5fc0afe0b9aed43b81be2fc040c7205e333c75f97647276c8e4eda0eeb2c4fcdbf05df657bb6a28fa68918bfa56ed10b0b75630b9b5f67ffab1539ec576cb4adda22e2cda1a3665cc2fe646bc482d61f8e3b80027285a8df58a13b0f3ac61f9a2244e68c8793f4cf37c9e016626f87a61656e184cdd70720c80e97074bb44c7f4ba93a2046eedfa1cd7f7e8ac1e78bdd3f2aff53b9f2f7ac95241870c7c3814ac5d71d4afe686ecf1209af401d2efa2e8fe26bf7037e85f0161afe0e16e66e0c8c5b40fbdc6a8e5a872b69b31449fcbc33971968b57bd539b86747b020940d1ac6c2fce8e046db8c59aad246b4ccccb2efcf77f20e9b9f0ee76504756f69eeb66c14bcfef346ad6ee7505ce1f65c21a4bf20124768230310bacaac7e5d630b9360aee5b2f90133187839ffa2d8a20b5f42b053f543f3e3c95047162a2bb234f3af825b2ad742e65a83fe14119aa4b4e1903c8d30415683f20aa409b677619db5616d0c7ae8294bd333143e4d29d6a2b33fbef94e89fe7f3bbee28d02fa273731fc69dded518ac4ea0054503bd40ffeb829644eb4a3fd25702e0135d302ff816975642c36b90cc6b45167c75c945fc8cb13d2738131057e4d5df767bb42fbf5f9744b6d83964bfaf1df04e592c91f7bff6dad2e9e4a1befdfce709f5ba1e44e67e812cf432a1e4e707b03fcaa5693b43d3f47217ce59b6f76d87a22eed717fc291fee7f7fbf5fa350ecbf4f371485876034e510743f6accb83b49affa91f0af01daf1a098cc969cbf5acdbf9380af65612c69c97c0b0c13a17fea9eb5fe97150cf6e574fbe5b36e70c7bee82f36dc62bd95768d550b3222f118503c236516ffb1778f667673bcaaf7771077d2f71dc64a6d0b28352e9a465d7aaf5fff9f5436b9ca363325a30fd0952e5942ebd752e3fcc2314d1605e65e7f48c7b6a1fa4251a92ced6026af7bd27fd227ff26a37be3c4f64fe6a0520fb96804dbf938088f0a8287bc28f4dcb40c943250c943e387d593f32cff27f7ff20fe8ff97fd8ae5ee2cf70731be13311b2452b95a12f1cf4de6c1f13a07606c25e1b7c3eae3875617b9ea1ebf93b6766a841aff5d7b0dcede508d5dce2daa6f0a3d3db9ee7f193dc7187eddfc53d9e83e47a599a0444e96e9333f1a4bd77d0d2fde19ee8781defb8cd3c9c049d6fbd69875960f7dc524fbedb263713c4c28781bc8d0743206f894789fc7de2283d8219ef5e823f8df6250556b5fe320e6f83cc51d51e40e496d7e3925f9055fd75d840fe9a88588bdefb3eed8bd9bf7eed2077fba6e7d7e9194705c9c40069efe373f8c9efb73f8c9c1ef64c684b1465f782428327cf6d83f5f516bf85b6c05cadf04df3bd686fc6dfb611c62bc82aec5091dcd9e40f9a4df1fa7586bd9c8405d2725f769266c9ee75ffe2dffe0d7c795729ff908dbb4dd0b732e9dda7daa44e7f7e3b2d395b5def93f6a88c7543ab818ebec11a047ebfdaf63b326441e6a2cad10788ef2f13ffd2e9f1e8ffa58a50940b17d64795fa250f1c2a7cff679c54d95ff92cc7f63bbf6951a7c547f9851a79272c4e7fef4c22dff38f84dcad8af13c9fff12bebb3fbed290748fffc4a08bfd497571307ffbbaecd964c41ffff98cde1fb30f7b9ba066ea3fb9977a0bc613ce57c445e5a7f76ddd17f823fd9e7078ebf6cb49955abd0c48d5c7f7fccedf585977c5e9ae96581fa563477892ba7ebb3fbed28bf08b95b10232e20e2a40bca3eeef37f76daf4637ff8e09fbdb7abf9433941f4f9cafbae8fcf8c2cffafddda703bf7e71fa41cc17e9ae9ea672be2cca7571fdff17f7c3fde7f5859543d0dfef34b9cafd47f7c3fd39ffff8135daf98fc824fbff88fb2ebee372bfa43d90feae65ddff13ec127f776b0020d3e72beea0f0ffc4e69e201d75cac9aff8f0d303f89891ff2cfe903fbe8b3fffe59fd1ceffffe2468dffcd25cff5a850a8dd7d213d307ff1b69311fff79a38bffffbc569989ea1ff2d79f9b1d29db8b07ba2bc782b6d7d5da7236baaa71d22c775a1f59d139a1032ef29e6b67a6f94f8d2cb5c6965ae34b2d71a596b8d2cb5c6965ae34b2d71a596b8d2cb5c6965ae34b2d71a596b8d2cb5c6965ab440800000);

-- --------------------------------------------------------

--
-- Table structure for table `tipos_documento`
--

CREATE TABLE `tipos_documento` (
  `id` int(11) NOT NULL,
  `nombre` varchar(255) NOT NULL
) ENGINE=InnoDB DEFAULT CHARSET=utf8mb4 COLLATE=utf8mb4_general_ci;

--
-- Dumping data for table `tipos_documento`
--

INSERT INTO `tipos_documento` (`id`, `nombre`) VALUES
(2, 'C.C'),
(3, 'T.I');

-- --------------------------------------------------------

--
-- Table structure for table `users`
--

CREATE TABLE `users` (
  `id` int(11) NOT NULL,
  `documento` varchar(20) NOT NULL,
  `clave` varchar(255) NOT NULL
) ENGINE=InnoDB DEFAULT CHARSET=utf8mb4 COLLATE=utf8mb4_general_ci;

--
-- Dumping data for table `users`
--

INSERT INTO `users` (`id`, `documento`, `clave`) VALUES
(2, 'administrador', '1234567890');

--
-- Indexes for dumped tables
--

--
-- Indexes for table `departamentos`
--
ALTER TABLE `departamentos`
  ADD PRIMARY KEY (`id`);

--
-- Indexes for table `genero`
--
ALTER TABLE `genero`
  ADD PRIMARY KEY (`id`);

--
-- Indexes for table `municipios`
--
ALTER TABLE `municipios`
  ADD PRIMARY KEY (`id`),
  ADD KEY `departamento_id` (`departamento_id`);

--
-- Indexes for table `paciente`
--
ALTER TABLE `paciente`
  ADD PRIMARY KEY (`id`),
  ADD KEY `tipo_documento_id` (`tipo_documento_id`),
  ADD KEY `genero_id` (`genero_id`),
  ADD KEY `departamento_id` (`departamento_id`),
  ADD KEY `municipio_id` (`municipio_id`);

--
-- Indexes for table `tipos_documento`
--
ALTER TABLE `tipos_documento`
  ADD PRIMARY KEY (`id`);

--
-- Indexes for table `users`
--
ALTER TABLE `users`
  ADD PRIMARY KEY (`id`);

--
-- AUTO_INCREMENT for dumped tables
--

--
-- AUTO_INCREMENT for table `departamentos`
--
ALTER TABLE `departamentos`
  MODIFY `id` int(11) NOT NULL AUTO_INCREMENT, AUTO_INCREMENT=6;

--
-- AUTO_INCREMENT for table `genero`
--
ALTER TABLE `genero`
  MODIFY `id` int(11) NOT NULL AUTO_INCREMENT, AUTO_INCREMENT=3;

--
-- AUTO_INCREMENT for table `municipios`
--
ALTER TABLE `municipios`
  MODIFY `id` int(11) NOT NULL AUTO_INCREMENT, AUTO_INCREMENT=6;

--
-- AUTO_INCREMENT for table `paciente`
--
ALTER TABLE `paciente`
  MODIFY `id` int(11) NOT NULL AUTO_INCREMENT, AUTO_INCREMENT=11;

--
-- AUTO_INCREMENT for table `tipos_documento`
--
ALTER TABLE `tipos_documento`
  MODIFY `id` int(11) NOT NULL AUTO_INCREMENT, AUTO_INCREMENT=4;

--
-- AUTO_INCREMENT for table `users`
--
ALTER TABLE `users`
  MODIFY `id` int(11) NOT NULL AUTO_INCREMENT, AUTO_INCREMENT=3;

--
-- Constraints for dumped tables
--

--
-- Constraints for table `municipios`
--
ALTER TABLE `municipios`
  ADD CONSTRAINT `municipios_ibfk_1` FOREIGN KEY (`departamento_id`) REFERENCES `departamentos` (`id`) ON DELETE CASCADE;

--
-- Constraints for table `paciente`
--
ALTER TABLE `paciente`
  ADD CONSTRAINT `paciente_ibfk_1` FOREIGN KEY (`tipo_documento_id`) REFERENCES `tipos_documento` (`id`),
  ADD CONSTRAINT `paciente_ibfk_2` FOREIGN KEY (`genero_id`) REFERENCES `genero` (`id`),
  ADD CONSTRAINT `paciente_ibfk_3` FOREIGN KEY (`departamento_id`) REFERENCES `departamentos` (`id`),
  ADD CONSTRAINT `paciente_ibfk_4` FOREIGN KEY (`municipio_id`) REFERENCES `municipios` (`id`);
COMMIT;

/*!40101 SET CHARACTER_SET_CLIENT=@OLD_CHARACTER_SET_CLIENT */;
/*!40101 SET CHARACTER_SET_RESULTS=@OLD_CHARACTER_SET_RESULTS */;
/*!40101 SET COLLATION_CONNECTION=@OLD_COLLATION_CONNECTION */;
